id,predicted
1543972437713169913,0.75
1710552057351883447,0.75
97075525,0.75
83734823,0.75
56722823,0.25
103823601,0.25
1159028243437550345,0.75
92485765,0.25
11142401,0.75
1189875082289533291,0.75
1544820103115167001,0.25
26331127,0.25
58383089,0.25
64762469,0.25
100902043,0.75
103130147,0.75
94352581,0.75
1849015146225985937,0.25
91307779,0.75
53591385,0.25
84071033,0.25
99484949,0.25
97864023,0.25
31809543,0.75
1519081708190436577,0.25
59771473,0.75
1310888620900225001,0.25
23054201,0.75
37470529,0.25
1212015341587401973,0.75
1416316577707248089,0.25
101832245,0.25
68246995,0.75
1756465820043819145,0.25
27426879,0.25
2091222630723307823,0.75
9573817,0.25
2080092449182118981,0.25
1251141566962475639,0.75
1783888279582231987,0.75
1826476019772171597,0.75
1249362949252967849,0.75
2051191513927827615,0.25
2039399745194706101,0.25
1893195000066736959,0.75
1567628852321220807,0.75
64621205,0.75
91938145,0.25
96597395,0.75
1814888626208593037,0.25
1826976599154564213,0.25
51966579,0.25
85515737,0.25
47186163,0.25
2036309142044769915,0.75
20905161,0.25
73129985,0.75
95100725,0.75
2084288255146553483,0.25
58742447,0.75
1886695825137020915,0.25
1417185346384554545,0.75
1885356732428994819,0.25
2007144270243278011,0.25
81007151,0.75
1723114065324985943,0.75
60731401,0.75
1192486882099402455,0.75
1946030187369504173,0.25
29223797,0.25
59323959,0.25
50372867,0.75
1810106570479888653,0.25
1885461012383046433,0.25
66101273,0.75
14529759,0.75
1250766577006766723,0.75
106518741,0.25
72400835,0.75
1409701429620698123,0.75
70424751,0.75
1363166573484625613,0.75
18904713,0.75
1797087576353554885,0.25
1197187293004134771,0.25
1674239116434375591,0.25
57836425,0.25
59764833,0.75
105539499,0.25
1597300897135600549,0.75
32003851,0.75
1256666296163762689,0.25
106439181,0.75
74111879,0.25
69733421,0.75
2060842575246177695,0.75
1280917146159393243,0.25
2030632608934523157,0.75
2059671940655431503,0.25
1602033196615588423,0.75
40073513,0.75
102556467,0.25
2083975193212643343,0.75
1522421588098514519,0.75
68672989,0.75
1463284044785406063,0.25
78126675,0.75
93211405,0.75
1685759651858937845,0.25
1543689154732856719,0.25
1949625833889070187,0.25
30992181,0.25
108514015,0.75
92100893,0.75
1802687560320534947,0.25
61511661,0.75
1810057176290931265,0.75
1883882827665434287,0.75
9264897,0.75
30292517,0.25
64766487,0.25
1267959648744210427,0.25
74639847,0.75
77333199,0.75
1127811022098867383,0.25
1941956713402032851,0.75
95752595,0.75
102565765,0.75
3545927,0.25
2017335407613016505,0.25
31286645,0.75
1882804844215713467,0.25
2026440676828129453,0.75
1687435862077556231,0.25
40759097,0.25
108776543,0.25
102343117,0.25
88902571,0.75
70992947,0.25
72472045,0.75
84703449,0.25
1888356921532606875,0.75
1869866970779058007,0.75
1947384934581191451,0.25
64250835,0.25
26987613,0.25
57832007,0.25
38273069,0.75
1826297740950413851,0.75
100891001,0.25
1913633247537403995,0.25
2031868563240211973,0.25
76702739,0.75
1381220178282429117,0.25
1218419600766351583,0.75
83769527,0.75
1593732730829748537,0.25
30684045,0.75
45666757,0.75
90519443,0.25
61511227,0.25
19990317,0.75
17378941,0.25
1266448747285594425,0.25
2049752518423791487,0.25
1595707497828740245,0.75
12307225,0.25
1739136211315838159,0.25
1429341909907700621,0.25
30840329,0.75
1843527752390772173,0.75
1898394566311169215,0.25
1729251318054512133,0.75
1855350226467223747,0.75
102258339,0.75
40613349,0.75
1616134523646442467,0.75
58432359,0.75
41295637,0.75
41802615,0.75
103130659,0.25
5431507,0.25
33261443,0.75
1532815829390526679,0.75
17872769,0.75
18119269,0.25
1197109770594456017,0.75
103420943,0.25
77555225,0.75
105008639,0.75
30297983,0.75
97657475,0.75
95718025,0.25
93675945,0.75
1726364764144508565,0.75
85866829,0.75
1567908525416967337,0.25
1695173047908041003,0.75
1652404511000476369,0.25
1978112037167473199,0.25
1178765098594784907,0.75
61637927,0.75
1300219371826039627,0.75
2000301932531909807,0.75
1704643128034088449,0.25
1154686488398236669,0.75
1180106653144306711,0.25
96795843,0.75
66498483,0.25
1553890230698853325,0.25
1147512302207034771,0.75
99260949,0.75
9134993,0.75
1192866655635793875,0.75
88228801,0.75
1184076800967758583,0.25
1544045718927607473,0.25
95712805,0.25
1887552165081211093,0.75
1961334879301341531,0.75
2078550379946260633,0.25
1372514672522627087,0.25
106725087,0.75
80942779,0.75
1500043649199360235,0.25
102421931,0.25
98108711,0.75
1343685059533531643,0.75
16679857,0.75
1245982524539318347,0.25
97993305,0.75
1448447050861823159,0.75
2083139285596934635,0.25
11993761,0.25
1905904207588909073,0.75
1926468285383356993,0.75
2021522357990265053,0.75
69249487,0.75
1411619630324211097,0.25
1362122707053382357,0.75
1679543185156914131,0.75
50030917,0.25
1773537336520195111,0.25
13177239,0.75
11152257,0.25
1901980483184365705,0.75
23274351,0.25
20022457,0.25
26161407,0.75
1576629581904963721,0.25
1823469695159611255,0.75
59409441,0.25
96606551,0.25
1494736677972823935,0.75
1826982086057625401,0.75
68468185,0.25
12960767,0.25
1397035654055494735,0.75
1911511945737343235,0.25
1532113211884677943,0.75
25616591,0.75
1332759962074578631,0.25
1837698347531376179,0.75
80059425,0.75
1939517076973425183,0.75
88426201,0.75
1644830999230860533,0.25
92982639,0.75
1727637892349283777,0.75
379519,0.75
1170022248366062169,0.75
59884671,0.25
1262597610701301887,0.75
1253298897877985863,0.75
1829280695982419259,0.75
59802655,0.75
1576244986229371405,0.25
1916539189553449329,0.25
1482321643118414473,0.75
1285333227479510313,0.25
101083263,0.25
1380885935638247391,0.25
1880108650922378411,0.25
78003317,0.75
1470698105916972197,0.25
97734995,0.25
48021421,0.25
1554798048344779685,0.25
1976156681557892341,0.75
1761408902989768473,0.75
54743057,0.75
1698710272199627885,0.25
1962121995892495835,0.25
2087622214183702795,0.25
1369865821160246059,0.25
1400141941088928001,0.75
2064122999778313711,0.75
1889740828989316371,0.75
1416321603918735915,0.75
99975845,0.75
101388983,0.25
1884608692460097005,0.75
1107162730360313835,0.75
7484903,0.25
1913345251115680129,0.75
57128855,0.75
107503935,0.75
1506282658775757635,0.75
1124892254063034407,0.25
1929268657423493309,0.25
1963681597594211637,0.25
36652247,0.25
72219169,0.25
2050458552673727517,0.75
1319290661355931705,0.25
2091300819520761219,0.25
23465491,0.75
97467923,0.75
1755123283781995239,0.75
62422557,0.25
97397397,0.75
1237794213918192885,0.25
2015016496992233359,0.25
1469814504615012897,0.75
1560863153943917865,0.25
2085560302520178941,0.75
2036333745961549733,0.75
1715839663547061869,0.75
1460673562862964205,0.75
68294317,0.75
2021977628727988093,0.75
1205508339309457271,0.75
1848364046406084269,0.75
50384363,0.25
51722401,0.75
53427709,0.25
66726089,0.75
34765859,0.75
1658026891547124829,0.75
1961266260039951165,0.25
1469742376143629917,0.25
1773953,0.75
92564103,0.75
75060803,0.75
50128907,0.75
81556481,0.75
14721339,0.75
56305243,0.25
2050453117129988501,0.25
1465479904552858371,0.25
13934861,0.75
99134617,0.75
42976329,0.25
1936786043207979241,0.25
1923282279498473869,0.25
1270958731531094937,0.25
1482849449846810673,0.75
1998488022940675517,0.25
1379735480286332191,0.75
13426379,0.75
79306609,0.75
1543666286505696671,0.25
14740367,0.25
43442399,0.25
2089168402158388599,0.75
60793557,0.25
63554981,0.25
77081249,0.25
26976059,0.25
2069976449864921121,0.25
1911517755012310801,0.25
1762387574819397409,0.25
1197504137536824043,0.75
38527425,0.25
38088985,0.25
1588538254230559559,0.75
99190803,0.75
90849125,0.75
107701685,0.75
105546681,0.75
1921611713224932097,0.75
103122013,0.75
70119945,0.75
1186875210373139693,0.75
1597342592393696637,0.75
78210435,0.75
50465225,0.75
1888248623781643581,0.75
76180707,0.75
24668647,0.75
102425309,0.75
1989857231223723255,0.75
53983475,0.25
45973085,0.75
1776825925143000091,0.75
1656696830639432363,0.75
17906637,0.75
1967849621317998815,0.75
2048058525064153647,0.75
1908581730842913907,0.75
104084961,0.25
65148971,0.75
2052075771395229809,0.75
1875952200841583763,0.75
1165843335811344369,0.75
49242265,0.75
1233135587885737585,0.75
90970655,0.75
30021445,0.25
107024527,0.75
1783147406880952725,0.25
105329413,0.75
104515905,0.75
1694213690945612943,0.25
1107155378248413589,0.75
1578215023708554097,0.75
1211703889168440847,0.75
101355075,0.75
1704245411433214699,0.75
1341800572565092989,0.75
45654439,0.25
13725969,0.75
1322670611189027615,0.25
3108743,0.25
1620233367347234317,0.75
1349568258313907083,0.25
51001231,0.75
1996057829971638163,0.25
1340437613903998099,0.25
1752920738414523251,0.75
1330623046940826707,0.25
1316990262878514963,0.75
1313211910955631061,0.25
1985631444208472629,0.75
41894343,0.75
75142607,0.25
88945687,0.75
1800546169959181631,0.75
2059582488896213881,0.25
1623239742094369067,0.25
1393413684065025743,0.25
32976677,0.75
1640353803466166515,0.75
2046952125333336647,0.25
1372280748409441447,0.75
24536575,0.75
33432163,0.75
97222823,0.25
68448751,0.75
48973313,0.75
1891781299784710675,0.75
1847600385072536175,0.75
2037483310834978407,0.75
1794730306995345583,0.25
40024607,0.25
95096349,0.25
1929409320993753437,0.75
1252385048746296813,0.75
1890514501157017655,0.75
1810108687284469253,0.25
1817639294312787445,0.75
58241399,0.75
1962368598545965725,0.75
68644901,0.25
31542949,0.25
84696471,0.25
1950600828319279125,0.75
16197751,0.75
47366251,0.75
82600753,0.75
1465411572107687219,0.75
90736843,0.25
9461471,0.75
86828199,0.25
104111797,0.75
106332859,0.25
104048385,0.75
35662027,0.25
96001589,0.25
1169714239161670111,0.75
24897673,0.75
103462905,0.25
100533379,0.25
31489805,0.75
1657898464264551267,0.25
76262025,0.75
1779419878585071567,0.25
69891087,0.25
1447844326564007511,0.75
1814529086056695915,0.75
1399855515036455983,0.75
104518499,0.75
1960781226116243829,0.75
1323008496314942999,0.25
43719893,0.75
2922779,0.75
69245433,0.25
92833615,0.75
1553440427563476941,0.75
1656835720680360151,0.75
1665413251226181513,0.25
15978791,0.75
97909611,0.25
43211801,0.25
1145157575599050183,0.25
106993667,0.75
2040525004163224915,0.25
1133305407174290387,0.25
1923508053593405065,0.75
88413179,0.75
1250835807337726817,0.75
1886762930853175397,0.75
2082541169353101257,0.75
69429321,0.75
2050455254123229439,0.75
1479138669495161701,0.75
2081413632172269999,0.25
103822457,0.25
73617347,0.75
1120829381923722525,0.75
1720390999250946747,0.75
51841439,0.75
92971049,0.25
1562132085471474607,0.75
96559843,0.75
16547279,0.25
92935635,0.75
1247876500740013687,0.75
54616417,0.25
1585081578316885159,0.75
72470997,0.75
1504756196723651173,0.25
2028080864879689739,0.25
1230101817040642139,0.25
94668747,0.25
84469631,0.75
30433687,0.75
85903457,0.25
1763516964774211769,0.25
83610211,0.25
48478043,0.25
1833039394431549411,0.75
1707221481049698103,0.75
1812175181742403523,0.75
58210715,0.25
96495295,0.25
1757786942422278197,0.25
80627419,0.75
69068757,0.25
2050452911597164265,0.25
55277439,0.75
96457015,0.75
2036707387939298359,0.75
1781694108105019331,0.75
73545059,0.75
1343286477605867869,0.25
82092915,0.75
1839404156952206255,0.25
2015123403769023111,0.75
1549235826489697197,0.25
1775842396873830725,0.75
102901071,0.25
1913262345665060391,0.25
66334529,0.75
1484096192101149355,0.25
93840681,0.75
72703711,0.75
71891139,0.25
2017276363161817141,0.25
96234703,0.25
47006397,0.75
74547747,0.25
1673564388131444431,0.75
1332766957497319947,0.75
1971666164259999649,0.75
1267054947065003427,0.25
22952055,0.25
65630759,0.25
1595724549293844819,0.75
1298289407951679543,0.75
103152185,0.75
1988690939518312001,0.75
1645443907640593785,0.75
80403115,0.75
101133139,0.25
2016348705552369239,0.75
102577369,0.25
76417929,0.25
40363783,0.25
1363618027033296879,0.75
1289461002513936691,0.75
1932297609689065167,0.75
69864159,0.75
101744119,0.75
26747871,0.75
51088115,0.75
1901946899606647705,0.75
44793929,0.75
62306781,0.75
105837123,0.75
1859710555794539205,0.75
58105099,0.75
1704250717524594535,0.75
80838815,0.75
1544044085635367239,0.25
68277999,0.25
104965559,0.75
2036730905481168405,0.25
1369208531436105535,0.75
1731774928080056207,0.75
45541435,0.75
1927704588878100315,0.75
1439613570567023841,0.75
105532263,0.75
1757800896124305007,0.75
28170521,0.25
1423526565167790771,0.75
63756319,0.75
82783825,0.75
37375661,0.75
1603490141207613199,0.25
104671541,0.25
38908673,0.75
1847430735884578547,0.75
1195566197683742755,0.75
50370889,0.75
99467373,0.75
14779169,0.25
1771575178377809383,0.25
89133431,0.25
1598943463170062611,0.25
1775299052058413313,0.75
1431575093559040081,0.25
46152053,0.25
62390059,0.75
49833225,0.75
39345607,0.75
1826981103059882705,0.75
108322555,0.75
1130601711536179833,0.25
2009312503101020359,0.25
1244480196720949251,0.25
107084323,0.25
1433081125824950901,0.75
37017925,0.25
25087363,0.75
1472229099942710325,0.25
1127792101840311319,0.75
57728481,0.25
1607149618752594489,0.75
97424005,0.25
1362460373625061663,0.25
1826988210768403021,0.75
1950814321265682087,0.75
2017409398466135421,0.25
1103423764056670355,0.75
65453959,0.25
1314896932807523179,0.75
54260725,0.25
1804754132471234913,0.75
1452629,0.25
1678515883076905993,0.75
11075241,0.75
103100649,0.75
1276017301020969979,0.25
1644705722557309375,0.75
69296279,0.75
1919142675350267183,0.25
1764116811647801539,0.75
1760999442623263107,0.75
1994307432693742917,0.75
1820148057141311639,0.25
1848371498246524417,0.75
1401513763144246165,0.75
1682941692450952335,0.75
84791067,0.25
1634595618098630289,0.25
1859514550026115867,0.25
8486495,0.75
108170387,0.75
1439169571582414513,0.75
97728009,0.75
1176455666015273951,0.25
1454545453394477063,0.75
1525612018898375783,0.25
1280068285920955173,0.75
95782597,0.75
70841483,0.75
1571039615644184481,0.75
40152275,0.75
1176900642822020333,0.25
96932625,0.25
104416051,0.75
52857413,0.75
100538121,0.75
12976169,0.25
1469425010680190743,0.25
106940389,0.25
41301027,0.25
2039447062699252037,0.25
93283183,0.25
71460137,0.75
1658054956322253759,0.75
38493769,0.75
105774445,0.25
1912010027570137611,0.25
1958234375582392951,0.75
1429285749922707153,0.75
1363616587357372241,0.75
1510313051113221365,0.75
108169349,0.25
1090026504924117115,0.25
86973071,0.75
1134781700827923713,0.75
1242472631306949305,0.25
2052059846156494593,0.25
97810903,0.25
1433075781802532567,0.75
1233108543213007853,0.25
1704563714061584155,0.25
51024331,0.75
1400125850851960301,0.75
91624953,0.25
73105283,0.75
43392805,0.25
1967875656212880261,0.75
1602623734975011019,0.75
1316348086013616261,0.75
106136649,0.75
1864990256028146391,0.75
10371457,0.75
105448469,0.25
1172992081824080721,0.25
1907012814811042827,0.75
1826980561628277397,0.75
1530757798639659367,0.25
31516989,0.75
1125794795583927271,0.75
1298247088643907481,0.75
1967671139469342675,0.75
83512613,0.75
1178047417873673639,0.25
1594733337613384095,0.75
68086037,0.75
1252634549489497437,0.75
1905609884283576149,0.75
1238882018639868423,0.25
49730621,0.75
87001197,0.25
85841509,0.75
1665539629133480377,0.25
1199710237607637507,0.75
105922771,0.75
72472695,0.75
64096421,0.75
26154517,0.25
50467473,0.75
98511783,0.75
2091489142384233619,0.75
51617543,0.75
1916353781075383371,0.75
83070859,0.75
88270037,0.25
81238775,0.75
71853421,0.25
6535681,0.25
1699889519683961439,0.75
1904729557225013485,0.25
73885359,0.75
1950804666508339515,0.75
2087494419924529979,0.75
1495404667999434031,0.25
1206056536415550019,0.75
77818157,0.75
28394973,0.25
45504419,0.25
1646210434526934925,0.75
99177149,0.75
1623074540934027453,0.75
1888196858428733887,0.75
104224547,0.25
1260973064804361213,0.75
30022175,0.25
1865089516698372639,0.75
1708741821018501081,0.25
1940729760305372743,0.75
1936639542735164759,0.25
108220865,0.75
54979467,0.75
108682693,0.75
1513123032818693827,0.25
75732197,0.75
1656745226291931663,0.75
13057811,0.25
87797679,0.25
80121467,0.25
103563395,0.25
99265943,0.25
102425345,0.75
96269989,0.75
74742205,0.25
1562372128068226739,0.75
13794033,0.25
1185630042611904791,0.25
1234501067863486097,0.75
55780503,0.75
1341920355505317163,0.75
78151189,0.75
36690007,0.75
106990845,0.75
2079724799247724073,0.25
1681363023685173139,0.75
83677387,0.25
1565353662408671265,0.75
1253309829322708427,0.25
1361654488723627453,0.25
39888151,0.75
1302868906395052187,0.75
1460984955006428351,0.75
84071265,0.75
83137141,0.75
76261545,0.75
45196501,0.25
1817540016329032355,0.75
88227111,0.25
1614467343059318223,0.75
78218225,0.25
62604919,0.25
1134750871048353599,0.75
49263543,0.75
1284424294468866547,0.75
35665413,0.25
2093511198368652361,0.75
71156079,0.25
1692644217480547283,0.25
52469021,0.25
6617265,0.75
73771045,0.25
79011263,0.25
36154285,0.25
102482163,0.25
90970503,0.75
100564845,0.75
106046683,0.25
95495337,0.75
1259502626944307507,0.25
1097212617046957195,0.25
1297524440194459013,0.75
1503568140013690919,0.75
1882462388859604635,0.25
43105947,0.25
66305069,0.25
75885199,0.75
1631146581389881169,0.75
2088725127048962743,0.25
1132304273896196405,0.25
1347979299849490855,0.75
108192859,0.25
1231700111621129591,0.75
1932183388833105109,0.75
53511823,0.75
1183081482818656135,0.75
20201371,0.25
12130513,0.25
11075243,0.75
2072615092200259499,0.25
1493236316013063113,0.75
65337407,0.75
80982159,0.75
1808752900330771591,0.25
1335897915368142231,0.75
2083988240695140815,0.25
96027459,0.25
1821735927424694983,0.75
1926663105946887225,0.25
1346577095029030445,0.75
106986115,0.75
92982699,0.75
88252547,0.25
72125915,0.25
2029081677958236345,0.75
1601552845891516303,0.75
1229305640895041447,0.25
1646087572084860147,0.25
1944083760363120747,0.25
107260207,0.25
1818737286404029865,0.25
1489766325281258039,0.75
91728539,0.75
1481233856607263653,0.75
1660081316743889517,0.25
1371290694950450725,0.75
1936503130485927613,0.25
87753953,0.75
1345222612885051655,0.75
21994327,0.75
92164499,0.75
1886701377074096705,0.25
1610611067720780075,0.75
34139971,0.75
1124388664021043473,0.25
1773350136258005249,0.75
1687043767510622945,0.75
106454925,0.75
1460591242740294309,0.75
4645,0.75
44779413,0.25
1697647009129507877,0.75
1966292452008987197,0.75
104718183,0.75
1846611425070546039,0.75
1806947079231610435,0.25
1105700568070656885,0.25
106958571,0.75
1810124289920478609,0.75
1400438441695808515,0.25
1453034034418414269,0.25
1686806932121258069,0.75
44796313,0.75
102056805,0.25
1586988116917490601,0.75
1825938334320500813,0.75
96397475,0.75
1347906511077392867,0.25
83772309,0.25
1310206153023479653,0.75
76199007,0.75
1653818822174779723,0.25
1742590336061294639,0.75
1391127349479789171,0.75
92590205,0.25
1429217929224959503,0.25
4207849,0.25
38849497,0.25
13986719,0.25
102235993,0.75
1299949887830317355,0.75
1949457366368937135,0.75
54260325,0.25
1798584033815182731,0.75
46976797,0.25
96559731,0.75
1937597304880142937,0.75
97259965,0.75
1333747683741356407,0.25
1480809106739180107,0.75
108232747,0.75
25368203,0.75
59855329,0.75
107182559,0.25
77350633,0.75
1298930946784068891,0.75
1342484516129447849,0.25
100063681,0.25
51573831,0.75
1624995503481597305,0.25
108676055,0.75
1522143044846137527,0.75
1129370858328648093,0.25
1885441348916553679,0.25
27945789,0.25
414313,0.75
77493709,0.75
1896771066133209763,0.75
46245061,0.75
32105435,0.75
1999980506270840857,0.75
98483501,0.25
1656748258720625557,0.75
2042653793154846559,0.75
86716495,0.25
102926985,0.25
1778585820019700853,0.75
101741501,0.25
1184122832602455429,0.25
1885653108750182563,0.25
2050455354704860721,0.75
84151971,0.25
1505691162368442513,0.75
42504947,0.25
1911347263835712417,0.75
91905081,0.25
1272551364024264835,0.25
1858191654759217605,0.75
98901009,0.75
15812559,0.25
2071718681821312443,0.75
1191896587023322455,0.75
53784219,0.75
1893124449256688197,0.25
59213453,0.75
2017495986529931423,0.75
22291157,0.75
25913219,0.75
100425337,0.75
1355029361799109791,0.75
1494010082676489173,0.25
1898396969515567737,0.75
1934997553808375483,0.75
61997153,0.75
1489217179236542905,0.75
37836045,0.25
1303451788420128907,0.75
106868543,0.75
47180403,0.75
1489778358906376713,0.25
1817953679541836963,0.25
83493255,0.25
61438047,0.25
1764966899618716371,0.25
66983543,0.25
1987316641787806573,0.75
71854015,0.25
36929237,0.75
1101703133669829089,0.75
99159467,0.25
78035363,0.25
77958585,0.75
2052443263773288391,0.25
54339277,0.75
64297797,0.75
108154205,0.75
90989123,0.75
76183077,0.25
82962203,0.25
1143429306007165951,0.25
92825407,0.25
1434118248780589601,0.25
69562243,0.25
1911260858574320205,0.25
41637521,0.75
1598969878674607455,0.25
71363461,0.25
1282958269481184701,0.75
80700413,0.25
1220416933656763797,0.75
1153311069651171035,0.25
2054068201080213475,0.75
59761587,0.25
2001277199250345571,0.75
84790987,0.75
1197279524710075159,0.75
1313108665444336723,0.75
90608351,0.75
99466097,0.25
50912163,0.75
2050452682241498703,0.75
1835432384932764259,0.25
28143629,0.25
100608847,0.75
68607071,0.75
97614267,0.25
51349705,0.25
49387641,0.75
1393008697226654635,0.75
42105873,0.75
1998429000824589885,0.25
22415547,0.25
1772433556048777857,0.25
1250199946453947895,0.75
100342047,0.75
17405579,0.25
1371345645128514311,0.75
1889908297082652041,0.25
1896899535368264711,0.25
36603049,0.75
1439540298343102033,0.25
1523134715571229627,0.75
1810122136637027991,0.25
7958647,0.75
1410477776701279221,0.25
78445851,0.25
10462799,0.75
41006393,0.25
1451971214112724077,0.25
2031959485794023189,0.75
2068382616693363369,0.25
22293505,0.25
1375269730287963643,0.75
1988245422015651441,0.75
60243813,0.75
1255873848848869861,0.75
99618791,0.25
1144719658755775077,0.25
1315989788180733951,0.25
1985541611159066581,0.25
83828483,0.25
1959002734443037029,0.75
64081193,0.25
99377771,0.75
2063367850953973765,0.75
98451835,0.25
1268761731183906325,0.25
42429219,0.75
1259810575232462537,0.25
2093186490784433247,0.25
1777454142987613463,0.25
98348323,0.75
1519811514615368925,0.25
1775314750308592907,0.25
1792024540892434209,0.75
1436467752711365519,0.75
1897097301165605151,0.75
1543720125155795371,0.75
2050457028954266719,0.25
1252575408396774163,0.75
1178070410950452937,0.75
94665579,0.75
6137451,0.25
1898274465914311003,0.25
1423670903554626595,0.75
67053967,0.25
12849739,0.25
106656067,0.75
2056386515059385517,0.75
1311219452610296417,0.75
86060707,0.25
41085915,0.75
1560845347457453431,0.75
104565785,0.25
2068387306726855709,0.25
1463514392267401249,0.75
1159212517812276971,0.75
41519219,0.25
1984180202454617105,0.75
1288608557029017649,0.75
1381170861738000915,0.25
74652701,0.75
1817397029662378163,0.25
1501271452442630689,0.75
12115693,0.75
106578963,0.25
101547165,0.25
1677685681081769721,0.25
1658087338309724413,0.75
73609805,0.25
1679793077686756817,0.25
1865097404095797737,0.75
81501089,0.25
104105949,0.25
98032905,0.75
15124491,0.75
1623826971808250963,0.75
97107215,0.75
105532239,0.25
31900897,0.75
1337453454510491453,0.75
31915423,0.75
1289758363572502159,0.25
31000295,0.75
85941941,0.75
58315359,0.75
1852219768264656505,0.75
1628397032353062697,0.25
1292393391745136683,0.75
1653595830739142907,0.75
1684622195790738839,0.25
1231715945756646469,0.75
53795121,0.25
37044787,0.25
97971031,0.75
2082676941875436679,0.75
39460143,0.75
20561835,0.75
1443089945284816371,0.75
2000324473405421123,0.75
86997185,0.25
1699801474017298433,0.25
10812311,0.75
1143597323348200859,0.75
107032229,0.25
1750938016433923661,0.25
96360153,0.25
2061117756051828481,0.25
1978697412385956815,0.75
67996119,0.75
1212873000960394525,0.75
1298741460062265139,0.25
58560147,0.75
2000142855264765069,0.75
1502859005175592445,0.25
86110553,0.25
51791279,0.25
97127107,0.75
1517644916462342043,0.75
3518655,0.75
1330598571825730191,0.25
107652261,0.75
1679385611383072803,0.75
104491945,0.25
83236363,0.75
2081953211050906623,0.75
1411828981648886721,0.25
1251013763614888107,0.25
1821863987467776849,0.75
1682940193371797115,0.25
5664629,0.25
1233364061935896681,0.25
57225729,0.25
101586075,0.25
1675273089627037261,0.25
1810105661555349829,0.25
1292773250460304669,0.75
2009234462537414917,0.75
1331391322845522011,0.25
1357652847669340937,0.25
1245211671981540619,0.75
54621237,0.75
1177705262780148623,0.75
1675308002404668025,0.75
43103415,0.25
1754883707428777393,0.25
96584199,0.75
1940590852875760125,0.75
54202313,0.25
1239448718874507787,0.25
1923640156581288271,0.25
1939512948758666567,0.25
107013529,0.75
81559983,0.25
1393854244310093351,0.25
1491805058883631721,0.25
1545486737507989673,0.25
66370109,0.75
42315349,0.75
1490982674192309359,0.75
1872480678059847149,0.25
38000463,0.75
2030812265632030353,0.25
57022681,0.25
1442329687322469617,0.75
1778726584437707107,0.75
1321413911329500497,0.25
143737,0.25
1768164596536721217,0.25
1736150487948964159,0.25
2080188690822811787,0.75
1936431272114783255,0.25
81694839,0.25
1950077162292575189,0.75
1233120546626967163,0.75
47366911,0.25
77952213,0.75
1755478943459825361,0.75
1847581658002974047,0.75
1812197147953741371,0.25
1957073695758531299,0.75
1382002426783939931,0.25
1886809730149599101,0.75
2050455457009075735,0.25
79595281,0.75
91453203,0.25
106832681,0.75
99506705,0.75
88945245,0.75
96495655,0.75
100207395,0.25
45893057,0.75
83417495,0.25
102134227,0.25
20508849,0.75
1845297533963166697,0.75
66309023,0.75
61375555,0.75
55169047,0.25
43759083,0.25
1810127410911002711,0.25
1994753343800640415,0.25
1103779991464931135,0.75
1679738251485212147,0.25
88233841,0.75
1570859772952224189,0.25
1485203788456303455,0.25
19357887,0.25
107168083,0.75
2080586588140010271,0.75
61637539,0.25
1334673958096925115,0.25
34197819,0.75
99031525,0.25
49789207,0.75
100148573,0.75
2050455046402705907,0.25
85015911,0.25
1282930241743758537,0.25
1926138493203869855,0.75
47701421,0.25
53549411,0.75
108026947,0.75
2056471776195454081,0.75
106367849,0.75
1421666313575302077,0.25
1758561365333387601,0.75
39108307,0.75
85591241,0.25
98970203,0.25
2072778388402258481,0.25
1408225895877220541,0.25
1966785704406274643,0.75
24140321,0.75
2047814274164716757,0.25
2033696365650256707,0.75
1536035597865691735,0.75
1239527155186894417,0.75
31337929,0.75
73387127,0.75
60177681,0.75
49893903,0.75
1908462591781443215,0.25
1556793723226392707,0.75
1316936702688383325,0.75
13448587,0.75
1816136096794378537,0.25
1364126694756230505,0.75
1489963341339741783,0.75
1910381268930602223,0.75
1820517978568682861,0.75
67798461,0.75
1359525835195653755,0.75
1994250095506423357,0.25
1202583855532138087,0.25
76437127,0.25
75730933,0.25
93837505,0.25
1932151,0.75
1433080001302005677,0.75
1449121535290755349,0.75
2017075089485442899,0.75
1545522976321017899,0.75
2068002206758252939,0.25
26591391,0.25
52592385,0.75
100040195,0.75
108504475,0.75
97734141,0.25
107024667,0.75
65338441,0.25
1795349701463932357,0.25
1757843106255795951,0.25
50382879,0.75
2040230431730400563,0.75
103038729,0.75
2089816249374148191,0.75
102778441,0.75
100276025,0.75
107368877,0.25
1382637258783881397,0.75
73388423,0.25
83241421,0.25
105334541,0.75
76133685,0.75
73206635,0.75
55925361,0.75
1850105971829400467,0.25
66818139,0.25
1696653565773051815,0.75
1218955765373650583,0.25
67881673,0.25
82483369,0.75
91060847,0.75
90907247,0.25
102930761,0.75
1327339149276370187,0.75
106991111,0.75
1489871297897739463,0.25
1329143526650161219,0.75
1416325124434122875,0.25
1897096235918039599,0.25
48821791,0.25
58742667,0.25
40839791,0.75
1497505834836747147,0.25
30645161,0.75
1488635503290278099,0.25
1269225352655086821,0.75
98553137,0.75
2007227946063551613,0.25
1358057914552437811,0.25
17837809,0.25
1596070876868797553,0.25
1793245096848894365,0.75
95926215,0.75
1537358914303401013,0.25
92107797,0.25
1871165119840338999,0.25
1440838363122347941,0.75
1550982771722971489,0.75
91298301,0.25
103483699,0.75
1665758725485286823,0.25
108769117,0.25
2000416426777918779,0.75
92803847,0.25
1517814675441180079,0.75
1198709862504009669,0.25
16363073,0.75
1911351389321389311,0.75
106846635,0.75
103880713,0.75
1234513108696566043,0.75
52443559,0.75
107886043,0.75
17540641,0.75
1990153063987806173,0.75
1252207135011546471,0.25
41512737,0.75
2081879954833432343,0.25
1802881148610222281,0.75
1780223336922391061,0.25
25072431,0.25
97878293,0.75
37273201,0.25
1924847501330527301,0.75
2029371532237852467,0.25
1199706081666786187,0.75
1688399799580921983,0.75
1656446386863765541,0.25
70806183,0.75
2005711045880422093,0.25
40470257,0.75
49832955,0.25
1701279789421239357,0.75
1717406472266476933,0.75
1707223339010588843,0.75
1846578474648644931,0.75
1375401541524944753,0.25
17126885,0.25
1814881304312169953,0.75
1826485505864962285,0.75
12773159,0.75
1400280869309697669,0.25
100293581,0.25
2068393873157536359,0.75
1316873514679433263,0.75
108313155,0.25
107038433,0.25
38037721,0.75
1499668943328603889,0.25
1704261003678388891,0.75
2091788631775431449,0.75
1777757144571400029,0.25
1967884010925359891,0.75
103102689,0.25
1753801965568822709,0.75
100498637,0.75
50383441,0.75
1444900723347673967,0.75
1615750298446876501,0.25
75443849,0.25
1091696527516985531,0.25
1098222430890382137,0.75
1635293268473125679,0.75
1286564946548226057,0.25
45175921,0.75
1890994415146364805,0.75
1806162411273271887,0.75
27242361,0.75
1474009080427944327,0.75
89267093,0.25
1250870268000568103,0.75
108786435,0.75
94655489,0.75
1472109561991440105,0.75
73206785,0.25
1893897591738198357,0.75
1888440112997971267,0.75
1486815775102458991,0.25
1865103133325925729,0.75
1271375717611862891,0.75
106323671,0.75
1201344673151738123,0.75
1382632546437463077,0.75
2081128161702166633,0.75
108132707,0.75
52276063,0.25
42973503,0.25
1957145680782156069,0.25
23342253,0.25
76985517,0.25
102470371,0.25
17779031,0.25
42527519,0.75
1975803744889283463,0.75
1938319033223031941,0.75
1960817115311230773,0.75
99136013,0.25
99465227,0.75
82910913,0.75
81349065,0.25
91462775,0.25
49345641,0.25
1814951997949531981,0.75
2052070150962662931,0.75
1794198674251965093,0.75
1711356045027995559,0.25
92270281,0.75
65869441,0.75
10410631,0.25
1808837957542233977,0.25
1645038312349202855,0.25
58106163,0.75
36548195,0.75
107901699,0.75
1252561648823006563,0.25
62177809,0.25
68364339,0.75
58785393,0.25
1728937785079403733,0.25
88085161,0.75
1798741259976834087,0.75
1531433106428071771,0.75
98348419,0.75
2050452797842762599,0.25
2065438798107788827,0.25
91735291,0.75
1958309811068983873,0.25
1810123308404540145,0.25
1623197919524034713,0.75
20262079,0.75
1865430765635858559,0.75
1905559352769439001,0.75
81463619,0.75
2020515382218549989,0.75
1233163964265534019,0.75
54127215,0.75
41202151,0.25
79114521,0.75
81442277,0.75
1763002469514877925,0.75
98312327,0.25
74566967,0.25
33513989,0.75
34767823,0.25
92759253,0.25
1384088910420188117,0.25
30445031,0.25
2021252401904333967,0.25
1313074406072867497,0.25
1883932918534397793,0.75
1999148593686959565,0.25
91758241,0.25
39969401,0.25
40105947,0.75
35912627,0.25
1279840737813201351,0.75
1756632168985715115,0.25
2052661542059280675,0.75
58743501,0.25
83015377,0.75
1523118275670123157,0.75
102540909,0.75
30228777,0.25
1116166370423962123,0.25
1967856675471217413,0.75
1404331738800118163,0.25
43051773,0.25
96481925,0.25
71146281,0.75
53571695,0.25
104806741,0.25
1521412052916265279,0.75
5038761,0.25
13031211,0.75
106320657,0.25
1997200901845629613,0.75
1937606676456570969,0.75
2079773154867597905,0.75
99159453,0.25
105687241,0.25
1865201177571420013,0.75
2079078054660940037,0.75
1800055503572076237,0.25
2082540456684977913,0.75
2010187760698557565,0.75
1431962576652131601,0.25
44135061,0.25
1546429822325293535,0.75
1725838385997506369,0.75
1674259515073129691,0.75
57607025,0.75
1927689185877020775,0.75
1092714185526347767,0.25
108387631,0.75
3878811,0.75
1653938237874498363,0.75
78526183,0.25
98720809,0.25
34443441,0.75
92181493,0.25
34151647,0.75
1521970520674726001,0.75
108788499,0.25
2011687639689052915,0.75
1687653331626719611,0.75
1645439320919101025,0.75
79694711,0.25
1180168700560288135,0.25
1333447110590532411,0.75
1679881391029924909,0.75
98346837,0.75
1999834024058228263,0.75
99435627,0.25
1229138501771440935,0.25
78255457,0.25
80816099,0.75
17129321,0.75
97483071,0.75
72351209,0.25
1097251596751946881,0.75
1347820416881449881,0.75
1962759801382429779,0.25
10566447,0.75
1704648883580217603,0.75
2027933414653089053,0.25
61818863,0.75
97625259,0.75
102118161,0.25
2084581827196505221,0.75
54675783,0.25
93968529,0.25
95761121,0.25
98959323,0.25
79019359,0.75
33646435,0.75
1314900878256801351,0.25
36182265,0.75
1506068910045539567,0.25
77413261,0.75
98452365,0.75
44529101,0.75
90657587,0.25
39904057,0.25
1211407459607573655,0.75
1645307702025859215,0.25
87636699,0.25
1189544291301541257,0.75
65278895,0.75
76970449,0.75
1728795548114849905,0.75
35028081,0.75
1510101755384862689,0.25
68549641,0.75
77811523,0.25
1130441682326060833,0.25
1537256657495951685,0.25
1803171977440013377,0.25
91980925,0.75
1125790159095803593,0.25
19987569,0.75
1998480685197672299,0.75
1229262968700873015,0.25
1810109303733847247,0.75
2050453320128628245,0.25
1945378168403386423,0.25
1592931530570255615,0.25
96642155,0.75
1817491522373576625,0.25
1794798940225312641,0.75
95653655,0.75
98500121,0.25
96686793,0.25
1382644096211799825,0.75
100024629,0.25
35275955,0.75
37956251,0.75
108299563,0.25
5687961,0.75
1542634194829394485,0.25
1717213176517865387,0.25
72530203,0.25
1368328397067871271,0.25
1257978856759302907,0.75
1379065224103092379,0.25
81767267,0.75
59754045,0.25
27312513,0.75
106149265,0.25
1910344219318188397,0.75
2010424390079311089,0.25
2045159041683609755,0.75
74669049,0.25
69370531,0.25
53922423,0.75
1751165601000626787,0.75
1975749970321602869,0.75
93450041,0.25
1760581918801751761,0.25
2371375,0.75
1572596728621408515,0.75
1376911961621078641,0.25
1994716780182575237,0.75
100577213,0.75
2039823230530224029,0.25
1818226849970241293,0.25
1363537105470546635,0.75
100583473,0.75
107766901,0.25
1594353338894302603,0.75
1632022538500177095,0.25
1098216498476836243,0.25
108818063,0.75
1440245426419492705,0.75
1729055284118897723,0.75
1435471604074481971,0.75
107038109,0.25
1888248376047731577,0.75
1681770749117864217,0.75
1140467305993429863,0.75
5462281,0.75
49769915,0.75
1386561332896369315,0.75
19273923,0.25
1859680476605353983,0.75
1879591633245045847,0.75
1868364309265865127,0.75
64935091,0.75
100280687,0.25
1583145256500180573,0.75
77500101,0.25
1824380671048498999,0.75
2037872597987469639,0.75
1929104005671031457,0.75
1986785186590698533,0.25
1416267347694518595,0.75
1150363337612944835,0.75
73454269,0.75
85486187,0.75
36448293,0.75
66142389,0.75
1920359863257944265,0.25
14254323,0.25
2054307409555682257,0.75
1328933031147619003,0.25
96788119,0.75
2007377934724558269,0.75
46246193,0.75
35813529,0.75
102718187,0.75
1494743204477059403,0.25
1308815283694540193,0.25
21767,0.75
1448134904508140339,0.75
1531716540583948113,0.25
1694600170424844243,0.75
39518249,0.75
1994027265414962893,0.75
1377951560204020047,0.75
1433237969636485539,0.75
17471685,0.25
1575646775606882971,0.25
1260396168141458757,0.75
63252691,0.75
79974825,0.75
1316946069983828387,0.25
1765304413782303013,0.75
1762717241751953927,0.25
32104919,0.75
51111129,0.75
1470711180569701351,0.25
1746319316440984431,0.75
1368957518841723941,0.75
92982741,0.75
1238176186771431719,0.75
1471149829576738511,0.75
1438953700351733619,0.75
2023095345218112361,0.25
1411182255145866875,0.75
87534883,0.75
1900091858339783955,0.25
30324411,0.75
1757165021894527101,0.75
93768503,0.75
82109167,0.25
1865375637982505021,0.75
1927709448581870459,0.75
2027923430274835941,0.75
67897557,0.25
1906428004314313731,0.25
82394077,0.25
99886183,0.25
95808925,0.25
81368029,0.75
1313049206702559695,0.25
1900036578795680307,0.75
1922145435772037039,0.25
1570860335433538523,0.25
1956396321351270485,0.75
61860271,0.25
41379447,0.75
5129233,0.25
1562319593083983309,0.75
1236734507423346569,0.75
98955275,0.75
1798509945897296585,0.25
1727321983685088617,0.25
76458497,0.75
1810127160434209361,0.75
73664597,0.25
105277133,0.25
1809150270073211211,0.75
1704220953022981649,0.75
1800709441758043113,0.75
68553155,0.25
94105511,0.75
1607505732365706055,0.75
1927713805416940075,0.75
1926054755090260721,0.75
30432329,0.75
27312185,0.75
31909041,0.75
1330472108362006783,0.75
1207766609309727735,0.75
41841903,0.25
1556376229288877375,0.25
7924021,0.25
84194165,0.75
98003029,0.75
104239661,0.25
2060351875696240043,0.25
1410458615455104855,0.75
2084539738527573867,0.75
1799803868387839037,0.25
1449308882308353105,0.75
98895211,0.75
1782849126216701235,0.25
1458843783135360425,0.25
1754608614691160827,0.25
1823767188889259727,0.75
106454959,0.25
85133301,0.75
1381381480727246867,0.75
1242480693051631857,0.75
2072420118404321893,0.75
78118061,0.75
1292887077737269109,0.25
62712243,0.75
1293114833095824647,0.75
86298223,0.75
1106384085319794903,0.25
52648071,0.75
1848364187796078163,0.75
2050450764157215549,0.25
18099605,0.25
42220293,0.25
68674953,0.25
55566757,0.25
79597757,0.75
1299975939817864987,0.25
58963125,0.75
1155025381936890865,0.75
1125791018197268721,0.75
1636085031956982067,0.25
52267853,0.75
8914199,0.75
1686057288972521209,0.75
103679713,0.75
1879769863894874491,0.25
40529113,0.25
1605773677809583379,0.25
1971951790748516869,0.75
98924787,0.75
70461107,0.75
1581767156760616803,0.75
56811819,0.25
1292773294164753159,0.25
1924991642510723169,0.25
2081448606536263075,0.75
25743505,0.25
1633528128410989489,0.75
48680747,0.25
1799141715717933883,0.75
1986208020507322925,0.75
99465605,0.75
103455025,0.75
28116763,0.25
92665295,0.25
55609695,0.75
1607083063575637767,0.75
1348433248904080903,0.25
2005941710331701155,0.25
44091789,0.25
2088896111072973581,0.25
1137521528196799321,0.75
1751627604992528793,0.75
2023599859950992193,0.25
108154131,0.25
1834794954083614475,0.75
11867221,0.25
88095269,0.25
12748577,0.25
1950683658156667925,0.75
15299501,0.25
71035407,0.25
100208805,0.75
28283599,0.25
1124904569034675919,0.25
90345747,0.25
17486167,0.25
84721927,0.75
98037149,0.75
103105201,0.25
1788547268703925203,0.75
55168749,0.25
1707099695171682589,0.25
1881285705003705795,0.25
83823435,0.75
67290373,0.75
1903166050787074873,0.25
41281017,0.75
102384513,0.75
89071497,0.75
1675302547068528995,0.75
31822081,0.75
13472833,0.75
69889599,0.75
1337916777461611589,0.25
94263083,0.75
1423084991333779575,0.25
2010049581562962477,0.75
98502039,0.75
1165669794826135339,0.75
2081903986766271483,0.25
1913887937597026351,0.25
102469755,0.25
2061112783516879909,0.75
59410007,0.75
2050450882603007773,0.75
1664166813805308919,0.25
90608783,0.75
83760617,0.75
90658477,0.75
1185770315250247261,0.75
65725793,0.75
1879375056649393157,0.75
414579,0.75
1764425299388268703,0.75
1810105456523954087,0.75
1919425594656084449,0.25
22411415,0.25
1257711749104398409,0.75
41725753,0.25
1211346927449256907,0.25
1562481223304739153,0.25
78005093,0.25
1521941233066000915,0.75
96798783,0.25
49889647,0.25
1999062237049810539,0.75
1839549582831986245,0.25
1625177396427920165,0.25
1408531353829681435,0.25
42056123,0.75
72473269,0.75
1174289650866563203,0.75
24077491,0.25
34383791,0.25
1402300142076950163,0.75
85133233,0.75
1300329302620065929,0.75
1165883526900758329,0.75
1611199677854913253,0.25
58825967,0.25
2091589094624656287,0.75
1755514190923257627,0.75
2091783281557778939,0.25
1714708359947978265,0.75
29549389,0.25
42509193,0.75
2078929295314034201,0.75
1967862453702028587,0.75
579255,0.25
101616401,0.25
91737717,0.75
1993170593543400403,0.25
91024051,0.25
105572025,0.75
1269464669032201709,0.75
1801561305876020919,0.25
1982170724252175597,0.75
102581093,0.75
108354207,0.75
100164579,0.75
78309145,0.25
1604829221513751443,0.25
1320835401870707747,0.25
19177875,0.75
1274326558619623477,0.25
105784509,0.75
1362680151562902677,0.75
1479137506245080835,0.25
1142278018918299069,0.75
75825001,0.75
1587487627577075353,0.25
84362145,0.75
59404075,0.25
88171645,0.75
100393677,0.25
1463839400487833963,0.25
1753425302582522849,0.75
1832235502128124963,0.25
1133883802924095389,0.25
99255927,0.25
1307732337830484793,0.25
105753909,0.75
91584567,0.25
77287939,0.25
77209479,0.75
1658193863755740755,0.25
1585485836020064315,0.25
100354821,0.75
1592447139799828853,0.25
1878908863026201725,0.25
99694055,0.75
100230331,0.25
1717161760051994777,0.25
1529186282342520045,0.75
49263329,0.75
1886636694293338233,0.75
83624347,0.25
1474825624428782603,0.25
78254771,0.25
85133285,0.25
97211999,0.75
1895546398555790283,0.25
1644790822754094053,0.75
78678461,0.75
1631876340053729129,0.75
1710752406789670107,0.75
1199715275001040775,0.75
1513139427188625551,0.25
2010872130736038647,0.75
2080306463530131315,0.75
77741409,0.25
1309504737039248173,0.75
1810109140692305975,0.75
1749696710459318381,0.25
105962483,0.25
94108383,0.25
106418305,0.75
1725849207962120491,0.75
1145060287240416911,0.25
50138265,0.25
1516144446661552913,0.25
57622151,0.75
86392989,0.75
1395656426474096203,0.25
1862847502648866103,0.25
13707253,0.75
60955487,0.25
1846648569483078483,0.75
42079121,0.75
71538953,0.75
1875051875710889371,0.25
100669055,0.75
95480165,0.25
1330271893345639075,0.25
105232291,0.75
69548217,0.75
62881211,0.75
929039,0.75
1417400512950706487,0.25
2050453645088250297,0.75
1825044027007072457,0.25
61107597,0.25
1238849297513280159,0.25
97733311,0.75
1611851704223484099,0.25
45997897,0.75
1764819705464656897,0.75
2052097302386454761,0.75
1391268465116720005,0.75
107867557,0.75
1669970057739985715,0.75
1159905065360418447,0.25
1660064965839776811,0.75
1252589016972719147,0.25
1287789393887567201,0.75
1619244437105263319,0.25
1987446956934170267,0.25
31707235,0.75
2048370039151556241,0.75
1563799399883315209,0.25
23804891,0.25
1756417209619672607,0.75
1626225601834708937,0.25
1958514971940623165,0.75
105773885,0.75
1198540158318677357,0.75
1308498003283886503,0.25
1837566807745456969,0.75
1896996710091515749,0.75
108172915,0.75
61169525,0.25
93163457,0.25
1622753812158834529,0.25
1381359786628031171,0.75
1919861533123305879,0.25
1298732669208827827,0.25
1617820576063827213,0.25
1848280385319549039,0.25
83188591,0.75
1333844398861561473,0.75
1767809536959996771,0.25
1197295710045114163,0.25
1193727879848269657,0.75
2081130234999115139,0.25
1622755415819700305,0.25
90827893,0.75
1840244981143555687,0.75
88979975,0.25
1959761,0.25
1729252879810866019,0.75
67498709,0.75
2039141993708624059,0.75
108154061,0.25
1241584221773881995,0.75
67885425,0.25
30106465,0.25
98871177,0.25
1358015056914796893,0.75
52634493,0.75
2089871895021398607,0.25
30998629,0.75
1691260254052268509,0.25
1327874127882914939,0.75
1953507821393349909,0.75
2064063782465111241,0.75
108761083,0.25
105655529,0.75
87753307,0.25
65981581,0.75
33374637,0.75
1860209376259002013,0.75
1834400804275319437,0.75
76269535,0.75
1784647868464442253,0.75
1678342562334157549,0.75
1478295590728932587,0.75
77823991,0.25
1947099518711435393,0.75
1932263685469633035,0.25
1807182844199196553,0.25
1313162854545392543,0.75
10594181,0.75
87305907,0.75
98925139,0.25
1272711534065379231,0.25
1765589401988879259,0.75
1672690292748252275,0.25
50736129,0.75
1826981163492320667,0.75
1165719481574637799,0.25
1830433761600963807,0.75
96489727,0.75
70531645,0.25
1717467830057694957,0.75
99820819,0.25
105802943,0.75
1608710141736285023,0.25
95075445,0.25
1959729,0.75
84559649,0.25
97915611,0.25
1741894656314825797,0.75
1947807273824877585,0.75
44442317,0.75
68230901,0.25
73388567,0.75
1349642777624924861,0.25
10993195,0.25
1646210131041181117,0.25
1887181798489640029,0.25
17487385,0.75
17437703,0.75
55598961,0.25
1946004819628913411,0.75
1814318566326595207,0.75
1421685737840778047,0.25
87612363,0.75
1220871291292673583,0.75
75666533,0.75
75316645,0.75
72369357,0.25
1897173929035787767,0.25
1652072143822244321,0.75
88323175,0.25
1975332551870375443,0.25
90563709,0.25
1369501927078424711,0.25
33017515,0.75
83512649,0.25
1230110647110956039,0.75
1570847864661829203,0.25
102421907,0.75
1970990954752742865,0.75
100924605,0.75
97653025,0.75
1953829756925066573,0.25
1424128329829000975,0.75
1809236939135924223,0.75
91009913,0.75
1736951798957987021,0.75
103266245,0.25
1994118811972286315,0.25
1231563788753911473,0.75
91727897,0.25
1491400042503305453,0.75
15650493,0.75
1896349888611048789,0.25
82550147,0.75
1918722653717184233,0.75
1542204421794455773,0.75
1342292259642575771,0.75
1624832856093311473,0.75
2073925380807463835,0.75
15426581,0.25
50752059,0.25
1516189092230427569,0.75
1237355323600838409,0.75
24504747,0.25
100148425,0.75
104718279,0.75
1734988457385352647,0.25
1927679473065802789,0.25
1941830476021306787,0.25
1486981258733934711,0.25
1093974319227149859,0.75
78724513,0.25
1444719936265263965,0.25
1483161029093909431,0.25
1384409629849372603,0.25
2017832077764440689,0.25
32884461,0.75
1926045578624110119,0.25
1906002674365263543,0.75
88504765,0.75
1244133199502389993,0.25
1795662408181719735,0.25
1128747992383176543,0.25
1946244069969655095,0.75
1479968863506884079,0.75
83768737,0.25
68423539,0.25
1430858426365343175,0.75
101531013,0.75
94189343,0.25
50359611,0.75
1273615471759395559,0.25
1489898646214573435,0.75
1968046609908902555,0.75
29641791,0.75
13500213,0.75
1238243664017510027,0.75
1628912532341013565,0.25
1825175254313870357,0.75
107410603,0.75
74106943,0.25
1766589496700677157,0.25
1274372284326200035,0.75
1893302005813956615,0.25
104782939,0.75
100147893,0.75
106703481,0.75
97668541,0.75
40639229,0.25
57022365,0.75
1325727235775982093,0.25
48122727,0.25
59478317,0.75
1791210771316562683,0.25
106940363,0.25
88132015,0.25
1732636859114681729,0.75
1276965421670516183,0.25
104232651,0.75
1826978878388768357,0.75
2056794076275629463,0.75
1449288630292966639,0.25
10252313,0.25
1308788516643620693,0.25
80847759,0.25
624261,0.75
60632153,0.25
1754055899117754551,0.75
67112369,0.25
1590199721022715239,0.75
1813413590103729423,0.25
74651227,0.75
1141002269604990769,0.25
1259069699490353379,0.75
31068625,0.25
2004946858711196319,0.25
1553317330889356429,0.75
13103969,0.75
2058735670235189693,0.75
83583887,0.25
1117138174247181057,0.25
80701081,0.25
105839115,0.25
1616096450616384097,0.75
1826983004603363651,0.75
1681327791392083545,0.75
50029949,0.75
1867933015724204637,0.75
2034873284314656719,0.25
1284030885725476321,0.25
1668309020196361743,0.75
1665031828755745613,0.75
4999069,0.75
2092804982305158083,0.75
39148641,0.75
1352346695919572097,0.75
1964159440543138851,0.75
73593361,0.75
88264643,0.75
13537531,0.75
86245283,0.25
1855602853601418615,0.25
1708445768395757751,0.25
4596497,0.75
53609545,0.75
1198838585097983603,0.75
49817563,0.25
63024955,0.25
1110083278732395191,0.25
90927493,0.75
82479007,0.25
1597236382060102155,0.25
2607975,0.25
1421673086331393579,0.75
1608680116020710321,0.75
1246531275451464539,0.75
2079772703781457019,0.25
17718841,0.75
96292307,0.25
1231132290291397507,0.75
90212045,0.75
2033882420562979815,0.25
1591707838107691691,0.75
1120508988262966361,0.25
96478039,0.75
2027830131006994003,0.25
78176799,0.25
1973918197889088637,0.25
1339155020337477885,0.25
93882229,0.75
1997420689342597027,0.75
50111067,0.75
89904281,0.75
809461,0.25
1633461336861473483,0.25
1473909411706493037,0.25
26686927,0.75
42781261,0.25
58102107,0.75
42501823,0.25
56985981,0.25
1979834842919013559,0.75
103483607,0.25
1226137202677773125,0.75
78639211,0.25
99847705,0.25
77692207,0.75
52845561,0.75
2086991192713550949,0.25
2086782340052812897,0.75
1910605704808279821,0.75
99344915,0.75
80738535,0.25
107979483,0.75
11694007,0.75
1846862134886738181,0.75
1846540109129607937,0.75
11723819,0.25
45426261,0.25
1310007987283756847,0.25
1713370551333001057,0.25
24904029,0.25
1280939931395633355,0.25
1767091286965311141,0.75
36389273,0.75
79610593,0.75
43131055,0.75
91277497,0.25
1469789741367009073,0.25
1318999408719496181,0.25
1967157,0.75
77042689,0.25
54719155,0.25
84619865,0.25
28431013,0.75
1168576712393097065,0.25
1688474935401379181,0.25
91982739,0.25
94581911,0.25
1416335838663246891,0.75
5031135,0.25
1556801719795900061,0.75
97611913,0.25
1880946011681553521,0.75
32024397,0.75
2007144568547307289,0.75
83820517,0.25
1931857875606429885,0.25
1887274362048722653,0.25
1491312191802602547,0.75
1982561103112768875,0.75
1621807594353631845,0.25
1340947739655656635,0.75
106186665,0.25
67118945,0.75
1908880293398770063,0.25
1497519769432020197,0.25
106940283,0.25
90354225,0.25
1278787167439248055,0.75
1279491101319475279,0.25
16062641,0.25
68637039,0.75
36119883,0.75
88378631,0.25
1466674084710253837,0.75
1266462303971830647,0.25
1649886559871060611,0.25
1953039789830439189,0.25
1997150184636362247,0.25
51364731,0.25
100224683,0.25
1675233367939807679,0.75
1469016686697243049,0.25
31853645,0.75
1413108431106400585,0.75
1604104795034942413,0.25
1424929854791509091,0.75
108594725,0.75
2039142019885483641,0.75
1421566468011029103,0.75
2020221031195203491,0.25
1117623913405010719,0.25
1958057704501818215,0.25
1128220196570808721,0.75
82052431,0.75
2030275756358249175,0.75
1554163139847385025,0.75
1790158090150565859,0.25
34345907,0.75
68177703,0.25
1985276483356245081,0.25
1448904625461721791,0.25
3674183,0.75
85906559,0.25
68403171,0.25
88688265,0.75
79553879,0.75
1507144546271994397,0.75
50513523,0.25
23395109,0.75
1628377100214274491,0.25
99989633,0.75
1900462357191590803,0.25
100946403,0.25
19291637,0.25
1675319232493957165,0.75
73073983,0.75
108081231,0.25
1360612742785068119,0.75
2068444653268150681,0.25
1804458687312808499,0.25
1786695635558659321,0.25
1900483087777213223,0.75
1636171568969091763,0.25
41332229,0.25
99465439,0.25
70991251,0.75
95848655,0.25
3863637,0.75
70703817,0.75
1972696331751942731,0.25
1927695766692034519,0.75
1450539725631029531,0.25
1775138928820746587,0.75
1761032860324212733,0.75
1965677983458573723,0.25
68767277,0.25
99012687,0.75
61686437,0.75
106832827,0.75
86060771,0.25
29062929,0.25
2087495270964236553,0.75
41106333,0.75
1442412922986787637,0.25
63261081,0.75
1826309227515947431,0.25
1724047910601778699,0.75
88252531,0.75
1712601668776805929,0.25
1418507992410290313,0.25
1403356772059921197,0.25
1805649444166693267,0.25
68089649,0.75
1439217245058346773,0.25
7740921,0.75
1734965831978284627,0.75
1712119552287068209,0.75
2064013288051534089,0.75
2047977685643384225,0.75
2034796840155448197,0.75
1479138080938978789,0.75
30333399,0.75
1140863463479544751,0.25
101282027,0.75
2036330054660140603,0.25
5461103,0.75
1216206132632861519,0.25
101052533,0.75
1710357037874167387,0.75
16546535,0.75
1998369832916074403,0.75
1534453971908916443,0.75
1764751127182143371,0.25
105007983,0.25
12945133,0.75
1764968142939189199,0.25
1351942941495309671,0.25
39457163,0.75
22915739,0.75
81982247,0.75
1887423637015125911,0.25
65792219,0.75
1971011777655968287,0.25
51880897,0.75
73825801,0.25
1657134581839621185,0.25
97254819,0.75
1318228227288425983,0.25
5748849,0.25
105479001,0.75
46466107,0.25
1930378740731427621,0.25
1302976267122687827,0.25
1688683571793444115,0.75
106976615,0.75
2048355569709901259,0.25
24306095,0.75
61630751,0.25
1828037494095301191,0.25
1916982296405993419,0.75
1829335119468044229,0.75
1779812506068743755,0.25
3240073,0.75
21943375,0.25
76811875,0.75
103004607,0.25
1327548466900573461,0.25
101356135,0.75
1788661188924071745,0.75
2011658824402468249,0.25
1255251004554681367,0.25
1546580759802422095,0.25
1483208483784165625,0.75
1165109081425160025,0.25
1506020459294709519,0.75
79684667,0.25
101238783,0.75
98031633,0.25
101780119,0.75
100984489,0.75
1467932814606180721,0.75
21371005,0.25
77760905,0.75
24042439,0.25
1936074172520252821,0.75
2050454951981612791,0.75
1530954258647365775,0.25
106654647,0.75
2090373282565610389,0.75
1665554651216003759,0.75
73671563,0.75
61078179,0.25
82617761,0.75
38316911,0.75
1491803885660844715,0.25
2031003821464953447,0.75
90535753,0.75
104374425,0.75
2050450653425029083,0.75
37883793,0.25
79795445,0.75
1419989734654517893,0.75
1511741797494345079,0.75
43247669,0.75
1357996299252171009,0.25
1965599291430534373,0.75
1496992017568814883,0.75
7035845,0.75
1421659989143336445,0.25
1892461424856797213,0.75
41668033,0.25
1178434380748852363,0.75
1272500128128925639,0.75
1823417415346959047,0.25
86830239,0.75
450505,0.75
1743543221589618837,0.25
1658090696999231789,0.75
1329391673743594571,0.75
2049925514348154689,0.25
71022497,0.25
1528002884501837509,0.75
73182925,0.75
2081591124488843451,0.25
47564159,0.25
1371156293049087491,0.25
1358078653973494513,0.75
1722125883736940761,0.75
1429101115940094021,0.75
82162541,0.75
1889617085698343211,0.75
1884555499463897023,0.75
1932238872386067889,0.75
1942024801716746187,0.75
63669313,0.75
41971077,0.25
1763912052723071651,0.75
1832117337673708291,0.75
7906521,0.25
1550365063044483091,0.75
84829227,0.75
1213559570966853823,0.25
1429234845027651779,0.75
1424893923120656983,0.75
28231289,0.25
1926267096043304235,0.75
76262577,0.75
1977236114048842859,0.25
42351209,0.25
70512591,0.75
1968044062003980951,0.75
2017641326506297505,0.75
1737260571894610037,0.75
92820393,0.75
1014911,0.75
1189547445248869799,0.25
1491817075621356849,0.75
1339701803308620761,0.25
83284869,0.25
79744249,0.25
43844319,0.75
1823369781629032825,0.25
1656719653005124271,0.25
101832137,0.75
1149399240931905341,0.75
107703963,0.25
1905668358814220513,0.25
1500233073906420643,0.75
1912732982877977019,0.75
1998604820813439769,0.25
1411415494881018767,0.25
1981034598954590019,0.75
49378149,0.75
97966045,0.75
1581414827681394911,0.75
1865105900750184083,0.25
7392233,0.75
1430681442117957779,0.75
1777257453594194805,0.25
34340327,0.25
105257275,0.75
81872643,0.25
101449061,0.75
100394289,0.75
1988447373437341533,0.75
68390727,0.75
1701722323589812785,0.25
2079772809165604465,0.75
1510075643757448201,0.75
1493964592403833115,0.75
106895649,0.75
1460590278462308969,0.75
16197815,0.25
1172907035593716915,0.25
1491401709842623769,0.75
1662629643063603157,0.75
1544995688231242879,0.75
107178055,0.25
94006537,0.75
100694777,0.25
1098217223950481363,0.75
84231025,0.25
1785847534846076661,0.25
2026508708567958727,0.25
99776105,0.75
96934325,0.75
2052101923076037351,0.75
103076855,0.75
1565449223630100087,0.75
95486153,0.25
34920811,0.75
91157795,0.25
25175943,0.75
87065591,0.75
63971807,0.25
1443188313107849387,0.75
1119272426660392013,0.75
101794801,0.75
98317671,0.25
76320699,0.75
1373311227163842475,0.75
78962869,0.75
2012729464914001655,0.25
1637625618974453965,0.25
2065508031054274343,0.25
72190273,0.75
39894629,0.75
1161100095668657357,0.75
1268472496033438697,0.75
53685975,0.25
1545797343626728059,0.25
1330285514375069531,0.75
1609397605287589359,0.75
1610370739276987297,0.25
1899788249665772539,0.75
1810107399522147065,0.75
1743814344363685355,0.25
1771687847935298329,0.75
1511499989901390411,0.75
1297076782003526911,0.25
77629259,0.75
1242179513552462571,0.75
20142669,0.75
69805447,0.75
1529338895414613347,0.75
1403972218111012541,0.25
53566579,0.25
1931934430396011255,0.25
1804206099436790025,0.75
1946344010540914335,0.25
1562055583476387655,0.75
1304629282474053847,0.75
108007071,0.75
74182737,0.25
39724693,0.75
1274395306693987459,0.25
53001467,0.75
2048066682297132439,0.75
102428073,0.25
35781473,0.25
1128392292832509953,0.25
105131323,0.75
1684400434099033815,0.75
1449350967338097297,0.75
68162405,0.75
108582007,0.75
28332361,0.75
1777682670391320215,0.25
1642438154807222515,0.25
81642901,0.75
96206857,0.25
76323285,0.25
2065078742983612829,0.75
1153624953280455127,0.25
1394851240026968509,0.75
1136167816757181035,0.75
104816429,0.75
108050751,0.25
1883182968918653691,0.75
85873405,0.25
1814612546208251537,0.75
1385370372815587939,0.75
1416272641582433093,0.25
1701841863635329301,0.75
1292911049172857557,0.25
1656504891542769391,0.25
1581360256976897225,0.25
1787015446017084257,0.75
80625315,0.75
83953497,0.75
50729391,0.25
99467139,0.75
102444869,0.25
1691597726923135035,0.75
1997074467986495947,0.75
1998310946173997547,0.75
99466555,0.25
1243207110030146055,0.75
59412677,0.75
2009805806543003007,0.75
1831717836955341715,0.75
1875258552822584163,0.75
66843863,0.75
1924722811875387241,0.75
74600313,0.75
90000633,0.25
2027851468771835523,0.25
103238291,0.25
1248959549985964121,0.75
1168212939934839197,0.25
81899625,0.25
1973046686365015329,0.75
1865632946660167917,0.75
1552645492288142485,0.25
90482945,0.25
50904321,0.75
1705842208950424371,0.75
13057163,0.75
47098733,0.75
1336634556859839305,0.25
85133385,0.25
83104681,0.75
2010662279794737747,0.25
93517413,0.25
1389447058656578687,0.25
1613269732641270407,0.25
66941995,0.75
1810091038981453061,0.75
42564017,0.25
1994394502119954075,0.25
2027847678371653963,0.25
2064117312350219299,0.25
103594589,0.25
12749657,0.25
1591361657289206939,0.25
1216505082949102981,0.75
76755633,0.75
1717548220376992579,0.25
1436577561684636185,0.25
13346019,0.75
91912797,0.75
96495623,0.25
85924767,0.75
1124790906398353043,0.75
1867941977509275579,0.75
1937935717325274853,0.25
107081999,0.25
69202405,0.75
1869262164686027989,0.75
1603024170213555085,0.25
99825093,0.25
106122849,0.75
1642280580785722519,0.75
107429785,0.25
1329128138321248875,0.75
34930223,0.25
1918004774931556225,0.25
88749895,0.25
81957697,0.25
1895162538052620715,0.25
107062219,0.75
99743979,0.75
69501367,0.75
1325890520459553941,0.75
47537153,0.25
2008998651294642653,0.25
1209274369024827989,0.25
96608471,0.25
4610337,0.75
18975661,0.25
1449263973922623699,0.25
1878518596657581039,0.25
99008271,0.25
13433287,0.25
1108307989573329053,0.75
1707198789332099307,0.25
1302639257936558669,0.75
108312707,0.75
62658449,0.75
2036325814749445409,0.75
1497504689842894383,0.25
92862567,0.75
1752621071114951005,0.25
77164229,0.25
1659794692662999095,0.25
86973031,0.75
1173663933102403053,0.25
38824413,0.25
1524381260129418549,0.25
1239117943892103787,0.25
1459255436277722633,0.75
66906235,0.25
37408951,0.25
1202770233825136843,0.25
1902803789830526025,0.75
1298953717822153169,0.75
1241601081261201131,0.75
1804021252937622037,0.75
1708964755218183121,0.75
1626364580396571253,0.25
99137449,0.25
1837909383106569209,0.25
17560863,0.75
1891325141638540809,0.75
1333345423028718377,0.25
1658102090491367077,0.25
1826992801062996695,0.25
108335597,0.75
1166795529750601571,0.25
1158215821837906399,0.75
2078888423866988489,0.75
101399951,0.25
99976433,0.75
1942386844297937059,0.75
1084011,0.25
25429305,0.25
83569321,0.25
1884620270042757323,0.75
1304078007756333395,0.75
1413993245717151161,0.25
53008491,0.25
1474825083038432953,0.25
1933224925509240403,0.75
2017663937183430273,0.25
96543577,0.75
1411563565494677789,0.25
40721641,0.75
1505895176320700661,0.75
1704843564013456861,0.75
1196826244094422881,0.25
1950354240187140717,0.25
1429823852036980469,0.25
1755314807175986455,0.75
13057611,0.75
1739187177830057647,0.75
1313335719443003291,0.25
10234857,0.25
1468070128703495679,0.75
1866710684809005723,0.75
1292494016118049367,0.25
1303131002140145523,0.25
43095825,0.25
87325483,0.25
81059989,0.75
106940271,0.75
101265277,0.75
1821795152660432889,0.75
1814675228476722875,0.75
1817649723042839005,0.75
30265183,0.25
1784235436415675591,0.25
106950285,0.25
83800811,0.25
102396225,0.75
13057541,0.25
1410796983338884045,0.75
99828099,0.75
1789549865766033443,0.25
1182950062098208745,0.75
81880919,0.25
1959357882277893449,0.25
1745167308450586199,0.75
101517567,0.25
85177323,0.75
1920317934377914553,0.75
1848407302848477351,0.75
1681774938828004893,0.75
1685633164986431285,0.75
1858440037539889935,0.75
108330633,0.25
59983481,0.25
1886961913303181679,0.25
77111913,0.25
1991418086366112679,0.75
56217441,0.25
2079773764086523481,0.75
2075029294544412205,0.25
2039429172219373905,0.25
54453267,0.75
2083226911535538965,0.75
188777,0.75
1326259612584767399,0.25
77686645,0.75
36662917,0.75
88290793,0.75
92232173,0.25
1403973809306275981,0.25
5358789,0.25
1953997229537027315,0.25
1513728258735086935,0.25
1732058484667448429,0.75
1427227632876481247,0.75
1764996498648292401,0.75
1169462897047487881,0.75
101612327,0.25
1341390803861589935,0.25
57554847,0.75
2051137523346409531,0.75
46291919,0.25
32287279,0.25
89331065,0.25
1494269252274081133,0.25
1130569671642260113,0.25
1146373442979650725,0.75
1110296200435657299,0.25
99294461,0.25
1306131005578680527,0.75
76181819,0.75
1934634865521218865,0.75
1784507969382684385,0.75
1712739320609630459,0.75
1439187650337005359,0.75
2044256114971408905,0.75
1252466245425897241,0.25
1727382438194859697,0.75
1945868108953921271,0.25
1179875396302483969,0.25
1255095734250429531,0.75
2047597556835190845,0.25
2037090792588862331,0.25
1582196590748434217,0.75
64490563,0.25
108050377,0.25
1775902779782212837,0.25
1442137099081673549,0.25
2064108337022422367,0.25
2061132968474431525,0.75
1773860949432253179,0.75
99142703,0.25
49503023,0.25
1282688177618889253,0.75
54456283,0.75
1639358709633970355,0.25
106793151,0.75
83821735,0.75
1901265883212759579,0.25
1251112033465689561,0.75
72473695,0.25
77405197,0.75
1179884449640341171,0.75
1237670806863933943,0.75
2030657724035234439,0.75
1864092402678796939,0.25
2052037639967841157,0.25
1443090754416578177,0.25
69949945,0.25
97762733,0.75
1923231492901848683,0.25
26833455,0.75
15151031,0.75
54332511,0.75
1834551337269775903,0.25
85905013,0.75
1290610209794048561,0.75
1436332449769936967,0.25
1469703196768865061,0.75
1826982901295858027,0.25
1595790980968119213,0.75
1975860100738577657,0.25
1764258478751997065,0.25
81405431,0.25
83642521,0.75
82036275,0.75
1729435313861490499,0.25
1932487638516842729,0.75
1775769156274758897,0.25
1250498474144822535,0.25
106112151,0.25
1826978989905823765,0.25
1351118024449157261,0.25
1982629953696827225,0.25
26414929,0.25
98811835,0.25
2037111642995421305,0.25
107124273,0.75
57895907,0.25
43420693,0.75
1884147113805784499,0.75
1484297243636835849,0.75
96484871,0.25
1756209787174240989,0.75
2050455151348022045,0.75
46934379,0.75
36145133,0.75
1939536425540841521,0.75
72161341,0.75
1144957887734534213,0.25
1411717116686482523,0.75
1475654634601466847,0.75
37852331,0.75
88615047,0.75
91031039,0.25
79861207,0.75
73825015,0.75
1775739135021491145,0.75
1170543062364066831,0.75
1947187375928757495,0.75
1878397072376249405,0.75
1116429502248319609,0.25
16302799,0.75
1339219370639428231,0.25
75140783,0.25
1937858209569001601,0.75
38484291,0.25
1933288016072949737,0.25
1095120611032217753,0.25
1704248770170920677,0.75
105041679,0.75
1766274805176300735,0.25
40997503,0.75
1469631525105442255,0.75
1726117,0.25
104700969,0.25
61582941,0.25
1398830332178281259,0.25
2065036533768404873,0.75
21097275,0.25
2039241321358443581,0.75
1786820335787410147,0.25
2078497815505118555,0.25
1515711263095725469,0.25
1331798045410846701,0.75
83820463,0.75
1100265550617940917,0.25
98438229,0.75
79935975,0.75
13514073,0.25
1907407849047783281,0.75
85925077,0.75
83686255,0.25
1857609164538860411,0.75
2081941379875300285,0.25
2050810110238116223,0.75
2050453533837296657,0.75
98145835,0.25
1384151986418655299,0.25
2050453018571880663,0.25
1511520648735317993,0.25
1734787454887098497,0.25
1933974669739814469,0.25
1897615045142254795,0.75
88407223,0.25
95724061,0.25
79578977,0.25
63302719,0.25
1276372424416939177,0.75
1469821142151585939,0.75
88866003,0.25
70754665,0.75
1317808078164881127,0.25
16545817,0.25
79207963,0.25
93767195,0.75
71462631,0.25
1181538047823096511,0.25
22512883,0.75
1634832729021313673,0.25
98750749,0.25
1804284241176283659,0.75
1814876806265846401,0.75
1467974646512745049,0.25
2041003149703645653,0.75
71334489,0.25
105860393,0.25
65642091,0.75
103778281,0.75
1992759774547623729,0.25
97052817,0.75
79538085,0.75
2009375777593960261,0.75
1997277338612864993,0.75
97701963,0.25
1313316892043944315,0.25
1238351880428183895,0.75
1621289160461520519,0.25
1676251311316044087,0.75
50370121,0.75
39102919,0.75
1680855737012497243,0.25
95061405,0.75
1511181872438924069,0.75
50477017,0.75
102462309,0.75
78501561,0.25
2049763488854120181,0.75
99825257,0.25
1767205729740485785,0.75
24191133,0.75
1736958657713633289,0.25
1192865499442041357,0.75
1402305217902754389,0.75
1833546309840011187,0.75
105784479,0.25
1175075164602787051,0.75
97914465,0.75
1331835098246136791,0.75
66753315,0.75
1812865088529470415,0.25
1850823897616955387,0.75
1497343015091397945,0.25
1434515534517956285,0.75
106725111,0.25
49391379,0.75
2058320459725070899,0.75
105801227,0.25
1936726655583580747,0.75
88426067,0.75
57424941,0.25
1258057089861868043,0.75
1966730660416986473,0.25
78180363,0.25
68274409,0.75
1471825330258819535,0.25
107346635,0.25
31098047,0.75
1907330653862471789,0.75
30999961,0.75
1531740826671771147,0.75
107501987,0.75
27596759,0.75
1672997900623919125,0.25
78056773,0.25
44116543,0.75
1498898110143078381,0.25
95676869,0.75
88945639,0.75
1951612750792437591,0.75
1989915328073152829,0.75
1859705,0.75
105156677,0.25
1872771752674988287,0.75
1911544414233264099,0.25
1964480576091728551,0.75
1558880242794186749,0.75
95830519,0.75
1918780010446455011,0.25
59415719,0.75
69571131,0.75
56520479,0.75
53277335,0.75
1280721265654335463,0.75
1256870036236634787,0.75
1802746432937984447,0.75
1329160676555925193,0.25
100882355,0.75
85408359,0.75
100616969,0.75
104616335,0.75
41359853,0.25
96223967,0.75
1395145,0.25
1342030109145514191,0.75
2023475874917429755,0.75
1105894073809974649,0.75
1307624601861897427,0.75
1867994243931585181,0.75
95483639,0.25
1554992583494492927,0.25
13988457,0.25
105542257,0.75
1367513015719675069,0.75
104843225,0.75
43003155,0.75
1771012369309838391,0.75
1815781604861699729,0.75
79887633,0.25
58205997,0.75
105223071,0.25
4792557,0.25
2081252046687147083,0.75
2052446265244559961,0.75
97255241,0.25
45586089,0.25
102664803,0.75
1624443693673989875,0.75
1481017377951278685,0.75
1835371257754006255,0.25
36689885,0.25
79718557,0.75
91737297,0.75
54672233,0.25
1337454329937767977,0.75
1672241563234465379,0.25
2033939467169361177,0.25
1888248526012909431,0.25
107534693,0.75
1491969817204516353,0.75
2064123997857947019,0.75
95074213,0.75
70692889,0.25
1412176071794936565,0.75
1300321406625893207,0.25
103820587,0.75
34877681,0.75
1826082189056112875,0.25
88327261,0.75
104931881,0.75
1670133295354514619,0.25
86844551,0.75
94057741,0.75
12726533,0.25
102863461,0.25
81851711,0.25
100520463,0.25
1244675251123271963,0.25
2008528078439362713,0.75
103631229,0.25
2036327946416918741,0.75
1554103785780759741,0.75
88252583,0.25
107860271,0.75
99542973,0.75
1560503646630029901,0.25
1451545675985902799,0.75
1768954177095963577,0.75
15619937,0.75
74215797,0.75
40455815,0.75
42181157,0.25
1945920283494228139,0.75
1786599379278607903,0.25
1160762903033216183,0.25
93633243,0.75
1804547624885021503,0.75
1743408269330609219,0.75
1971289975007363115,0.75
30928591,0.75
2049932785840615943,0.75
74917205,0.75
75503923,0.25
70568347,0.25
44798957,0.25
1929899281829298917,0.75
36015595,0.75
1472538040789213113,0.75
79743915,0.25
